<?xml version='1.0' encoding='UTF-8'?>
<PcGts xmlns="http://schema.primaresearch.org/PAGE/gts/pagecontent/2013-07-15" xmlns:xsi="http://www.w3.org/2001/XMLSchema-instance" xsi:schemaLocation="http://schema.primaresearch.org/PAGE/gts/pagecontent/2013-07-15 http://schema.primaresearch.org/PAGE/gts/pagecontent/2013-07-15/pagecontent.xsd">
    <Metadata>
        <Creator>escriptorium</Creator>
        <Created>2023-07-19T10:18:52</Created>
        <LastChange>2023-07-19T13:10:00.259+02:00</LastChange>
        <Comments/>
        <TranskribusMetadata docId="1504695" pageId="57539614" pageNr="36" tsid="130074899" status="IN_PROGRESS" userId="99551" imgUrl="https://files.transkribus.eu/Get?id=GCHLXBCXQZLANJTHIHJQFNHU&amp;fileType=view" xmlUrl="https://files.transkribus.eu/Get?id=ORMBNFHKJCIBWQOHBRXHXKAB" imageId="46569048"/>
    </Metadata>
    <Page imageFilename="A01_036.jpg" imageWidth="5564" imageHeight="4327">
        <ReadingOrder>
            <OrderedGroup id="ro_1689766021827" caption="Regions reading order">
                <RegionRefIndexed index="0" regionRef="eSc_textblock_ab517ef5"/>
                <RegionRefIndexed index="1" regionRef="eSc_textblock_77e0e516"/>
            </OrderedGroup>
        </ReadingOrder>
        <TextRegion id="eSc_textblock_ab517ef5" custom="readingOrder {index:0;} structure {type:text;}">
            <Coords points="1719,331 2036,355 2161,432 2142,853 1990,882 1959,939 2029,1009 2103,1009 2125,1076 2161,1038 2257,1250 2267,1997 2142,2355 2180,2548 2180,2939 2094,3076 2084,3209 2036,3278 2065,3363 2017,3939 1940,4007 1683,4007 1615,3988 1594,3930 1353,3872 355,3911 394,2988 375,2250 442,1718 432,1480 480,1363 509,1096 605,939 654,500 730,432 1007,432 1144,384 1267,403 1719,331"/>
            <TextLine id="eSc_line_c654dfeb" custom="readingOrder {index:0;} structure {type:default;}">
                <Coords points="2141,728 2141,692 2145,656 2145,620 2145,598 2109,403 2026,414 1990,414 1965,598 1965,602 1997,764 2055,760 2134,750 2141,728 2141,728"/>
                <Baseline points="2030,417 2058,764"/>
                <TextEquiv>
                    <Unicode>1818.</Unicode>
                </TextEquiv>
            </TextLine>
            <TextLine id="eSc_line_2f2a8e88" custom="readingOrder {index:1;} structure {type:default;}">
                <Coords points="1857,393 1835,393 1835,486 1802,562 1802,566 1802,569 1802,573 1821,609 1813,717 1813,721 1813,724 1813,728 1817,728 1842,753 1878,753 1972,739 1954,641 1961,620 1986,566 1986,562 1986,558 1986,555 1940,385 1857,393"/>
                <Baseline points="1859,395 1881,757"/>
                <TextEquiv>
                    <Unicode>Tafel</Unicode>
                </TextEquiv>
            </TextLine>
            <TextLine id="eSc_line_fb5ba34c" custom="readingOrder {index:2;} structure {type:default;}">
                <Coords points="1687,364 1637,364 1644,533 1640,544 1608,594 1608,598 1608,602 1608,605 1637,786 1622,883 1622,887 1622,890 1622,894 1647,930 1658,944 1647,977 1629,1038 1629,1042 1629,1045 1651,1193 1723,1193 1781,1189 1813,1117 1813,1114 1813,1110 1813,1106 1813,1103 1784,1067 1777,1060 1777,966 1788,933 1821,836 1821,832 1821,829 1821,825 1821,822 1817,822 1792,793 1788,789 1792,782 1817,692 1817,688 1817,685 1817,681 1817,677 1813,677 1795,652 1759,616 1759,551 1799,497 1806,486 1806,483 1806,479 1806,475 1799,356 1687,364"/>
                <Baseline points="1689,367 1725,1197"/>
                <TextEquiv>
                    <Unicode>Konigl. Eiſengießerei</Unicode>
                </TextEquiv>
            </TextLine>
            <TextLine id="eSc_line_164eacb2" custom="readingOrder {index:3;} structure {type:default;}">
                <Coords points="1496,479 1460,479 1496,1060 1539,1060 1601,1049 1590,890 1604,850 1626,789 1626,786 1626,782 1626,778 1626,775 1604,742 1575,699 1604,631 1608,623 1608,620 1608,616 1604,468 1496,479"/>
                <Baseline points="1497,481 1540,1063"/>
                <TextEquiv>
                    <Unicode>Knesebecks</Unicode>
                </TextEquiv>
            </TextLine>
            <TextLine id="eSc_line_62a2c7ab" custom="readingOrder {index:4;} structure {type:default;}">
                <Coords points="1337,472 1298,472 1280,703 1280,706 1280,710 1312,789 1294,854 1294,858 1294,861 1294,865 1330,941 1366,941 1431,933 1445,887 1445,883 1449,883 1445,879 1445,876 1424,793 1420,782 1442,760 1442,757 1442,753 1442,750 1442,746 1427,703 1449,569 1449,566 1449,562 1402,465 1337,472"/>
                <Baseline points="1341,473 1370,942"/>
                <TextEquiv>
                    <Unicode>Tafel</Unicode>
                </TextEquiv>
            </TextLine>
            <TextLine id="eSc_line_31ec6afa" custom="readingOrder {index:5;} structure {type:default;}">
                <Coords points="1135,421 1063,425 1067,667 1067,670 1067,674 1092,710 1110,739 1114,847 1110,887 1089,1013 1089,1016 1089,1020 1089,1024 1092,1024 1092,1027 1125,1052 1128,1056 1132,1096 1175,1096 1226,1085 1222,948 1254,897 1254,894 1254,890 1254,887 1254,883 1211,724 1229,483 1229,479 1229,475 1229,472 1193,414 1135,421"/>
                <Baseline points="1136,424 1178,1098"/>
                <TextEquiv>
                    <Unicode>Alexander</Unicode>
                </TextEquiv>
            </TextLine>
            <TextLine id="eSc_line_a9199429" custom="readingOrder {index:6;} structure {type:default;}">
                <Coords points="905,533 876,533 905,760 901,771 869,894 869,897 869,901 883,1009 883,1013 883,1016 915,1056 908,1197 908,1200 908,1204 908,1207 912,1207 959,1254 998,1251 1056,1236 1034,1063 1042,1009 1056,915 1056,912 1056,908 1031,836 1009,778 1020,692 1027,631 1027,627 1006,519 905,533"/>
                <Baseline points="908,537 1001,1254"/>
                <TextEquiv>
                    <Unicode>200 Fw:</Unicode>
                </TextEquiv>
            </TextLine>
            <TextLine id="eSc_line_d69fb54b" custom="readingOrder {index:7;} structure {type:default;}">
                <Coords points="721,493 695,493 667,537 667,540 667,544 667,548 667,616 667,620 667,623 713,699 692,768 692,771 692,775 692,778 724,854 713,987 713,991 713,995 713,998 739,1034 728,1096 728,1099 750,1204 728,1388 728,1391 728,1395 728,1399 764,1449 742,1478 742,1481 742,1485 742,1489 742,1492 768,1543 753,1651 753,1655 753,1658 778,1756 757,1784 757,1788 757,1792 757,1795 757,1799 793,1893 793,1896 757,2066 757,2069 757,2073 811,2188 775,2311 775,2314 775,2318 778,2423 796,2707 858,2953 858,2960 858,2963 829,3176 829,3180 836,3331 836,3335 836,3339 887,3418 872,3454 872,3457 872,3461 872,3465 894,3537 894,3540 858,3587 858,3591 858,3595 858,3598 858,3602 858,3605 890,3649 865,3695 865,3699 865,3703 865,3706 865,3710 908,3764 912,3768 912,3811 926,3814 1006,3800 984,3739 1002,3714 1042,3659 1042,3656 1042,3652 1042,3649 1038,3544 1038,3540 1038,3537 984,3461 962,3429 959,3364 977,3331 1020,3252 1020,3248 1020,3245 1020,3241 1020,3238 1002,3212 1013,3133 1013,3129 1013,3126 1013,3122 959,3039 933,3000 923,2776 923,2711 937,2697 959,2671 959,2668 959,2664 959,2661 959,2657 930,2567 919,2534 926,2524 966,2462 966,2459 966,2455 966,2451 966,2448 966,2444 948,2419 962,2314 962,2311 962,2307 908,2206 887,2167 901,2120 941,1990 941,1986 941,1983 941,1979 941,1975 937,1975 890,1929 869,1911 858,1730 876,1701 919,1633 919,1629 919,1626 919,1622 912,1492 897,1280 897,1276 897,1272 843,1211 832,1197 843,1168 847,1150 847,1146 847,1143 847,1139 847,1135 840,1125 814,1085 814,1020 832,995 865,948 865,944 865,941 865,937 865,933 822,843 796,796 796,692 811,667 836,616 836,612 836,609 836,605 836,602 814,576 836,533 836,530 836,526 836,522 836,519 807,486 721,493"/>
                <Baseline points="724,495 930,3816"/>
                <TextEquiv>
                    <Unicode>22 mit ins Feld. Kaiſer Alexander und Kög. der</Unicode>
                </TextEquiv>
            </TextLine>
            <TextLine id="eSc_line_f15ef9ac" custom="readingOrder {index:8;} structure {type:default;}">
                <Coords points="566,1110 522,1110 515,1157 515,1161 515,1164 515,1168 530,1182 544,1200 530,1244 508,1319 508,1323 508,1326 508,1330 508,1334 537,1377 558,1406 558,1471 544,1500 522,1546 522,1550 522,1554 526,1687 526,1691 558,1756 562,1766 558,1813 555,1903 555,1907 555,1911 566,1936 584,1975 569,2026 548,2113 548,2116 548,2120 548,2123 580,2228 598,2282 584,2304 576,2314 576,2318 576,2322 576,2325 576,2329 576,2332 587,2343 602,2361 613,2549 598,2599 576,2675 576,2679 576,2682 576,2686 609,2801 613,2812 609,2823 587,2902 587,2906 587,2909 587,2913 620,2974 631,2996 638,3090 627,3122 605,3173 605,3176 605,3180 605,3183 631,3238 649,3274 645,3346 638,3353 616,3378 613,3378 613,3382 613,3385 613,3389 616,3486 616,3490 649,3576 667,3631 656,3695 695,3699 742,3688 742,3551 771,3501 771,3497 771,3494 771,3490 771,3486 753,3429 793,3339 793,3335 793,3331 768,3151 768,3147 768,3144 724,3097 717,3086 724,3054 753,2935 753,2931 753,2927 753,2924 750,2924 721,2891 739,2758 739,2754 739,2751 739,2747 713,2707 692,2671 667,2109 674,1979 692,1961 717,1929 717,1925 717,1921 717,1918 706,1604 706,1600 706,1597 703,1597 677,1568 638,1525 638,1463 674,1391 692,1352 692,1348 692,1344 663,1103 566,1110"/>
                <Baseline points="568,1112 696,3703"/>
                <TextEquiv>
                    <Unicode>König ſagt: wir wollens ge‐</Unicode>
                </TextEquiv>
            </TextLine>
            <TextLine id="eSc_line_ab14afd3" custom="readingOrder {index:9;} structure {type:default;}">
                <Coords points="432,1777 378,1784 421,1857 421,2098 385,2138 382,2141 378,2141 378,2145 378,2149 378,2152 378,2156 385,2181 414,2293 385,2347 385,2351 385,2354 385,2358 385,2361 385,2365 389,2365 421,2401 411,2441 411,2444 411,2448 411,2451 436,2534 407,2607 407,2610 407,2614 407,2617 432,2686 418,2758 418,2762 418,2765 418,2769 421,2769 439,2790 414,2945 414,2949 414,2953 439,3010 400,3230 400,3238 400,3241 400,3245 400,3248 450,3310 447,3425 407,3486 407,3490 407,3494 407,3497 407,3558 407,3562 407,3566 443,3613 411,3858 472,3865 569,3861 623,3677 623,3674 623,3670 623,3667 569,3454 616,3313 616,3310 620,3310 620,3155 616,3151 551,2758 576,2668 576,2664 576,2661 558,2552 591,2372 591,2369 544,2149 526,1774 432,1777"/>
                <Baseline points="433,1779 475,3866"/>
                <TextEquiv>
                    <Unicode>meinſchaftlich der Kirche ſchenken.</Unicode>
                </TextEquiv>
            </TextLine>
            <TextLine id="eSc_line_b26ea8f7" custom="readingOrder {index:10;} structure {type:default;}">
                <Coords points="2091,2210 2178,2210 2185,2120 2235,2058 2235,2055 2235,2051 2235,2051 2239,2048 2239,1817 2235,1813 2235,1810 2206,1756 2181,1705 2181,1536 2214,1471 2214,1467 2214,1463 2214,1460 2188,1391 2228,1344 2235,1341 2235,1337 2235,1334 2235,1330 2232,1280 2091,1280 2022,1280 1979,1373 1979,1377 1979,1381 1979,1384 1979,1388 2001,1424 1983,1471 1983,1474 1983,1478 2012,1619 1979,1669 1979,1673 1979,1676 1979,1680 1979,1864 1979,1867 1979,1871 2019,1932 2030,2210 2091,2210"/>
                <Baseline points="2094,1283 2094,2212"/>
                <TextEquiv>
                    <Unicode>3) rechts:</Unicode>
                </TextEquiv>
            </TextLine>
            <TextLine id="eSc_line_aa79f4b0" custom="readingOrder {index:11;} structure {type:default;}">
                <Coords points="1777,1395 1712,1395 1712,1637 1712,1640 1712,1644 1712,1647 1720,1658 1759,1716 1748,1756 1748,1759 1748,1763 1748,1766 1748,1770 1770,1802 1727,1903 1727,1907 1727,1911 1727,1914 1727,1918 1730,1918 1763,1954 1748,2048 1748,2051 1748,2055 1748,2058 1752,2058 1777,2087 1752,2138 1752,2141 1752,2145 1752,2149 1781,2210 1770,2592 1770,2596 1799,2891 1777,2924 1777,2927 1777,2931 1777,2935 1806,3158 1756,3331 1756,3335 1756,3339 1756,3346 1799,3627 1766,3728 1766,3732 1766,3735 1770,3966 1770,3991 1914,3984 1958,3897 1958,3894 1958,3890 1954,3760 1954,3757 1954,3753 1950,3753 1903,3699 1950,3623 1950,3620 1950,3616 1950,3613 1947,3421 1947,3418 1947,3414 1893,3349 1940,3256 1940,3252 1940,3248 1936,3173 1936,3169 1936,3165 1932,3165 1911,3137 1936,3104 1936,3101 1936,3097 1940,3097 1940,3018 1936,3014 1936,3010 1936,3007 1882,2927 1882,2924 1896,2870 1896,2866 1896,2863 1896,2859 1878,2801 1878,2798 1878,2794 1925,2653 1925,2650 1925,2646 1925,2643 1871,2477 1867,2477 1857,2008 1857,2004 1875,1979 1875,1975 1875,1972 1875,1968 1875,1965 1875,1961 1857,1929 1849,1921 1849,1788 1849,1734 1849,1730 1889,1680 1889,1676 1889,1673 1889,1669 1889,1665 1849,1597 1896,1532 1896,1528 1896,1525 1896,1521 1896,1518 1896,1514 1842,1435 1842,1431 1842,1391 1777,1395"/>
                <Baseline points="1781,1396 1853,3731 1774,3994"/>
                <TextEquiv>
                    <Unicode>Gott war mit uns in heißer Wehr,</Unicode>
                </TextEquiv>
            </TextLine>
            <TextLine id="eSc_line_f8694797" custom="readingOrder {index:12;} structure {type:default;}">
                <Coords points="1546,1344 1510,1344 1492,1388 1492,1391 1492,1395 1492,1399 1518,1453 1525,1474 1518,1500 1507,1546 1507,1550 1507,1554 1521,1622 1525,1637 1521,1644 1500,1698 1500,1701 1500,1705 1518,1921 1460,2069 1460,2073 1460,2076 1460,2080 1460,2084 1532,2174 1518,2271 1518,2275 1518,2278 1518,2282 1521,2282 1543,2304 1550,2307 1554,2538 1550,2560 1532,2650 1532,2653 1532,2657 1546,2704 1482,2780 1482,2783 1482,2787 1482,2790 1482,2884 1482,2888 1514,2956 1489,3097 1489,3101 1489,3104 1572,3266 1496,3360 1496,3364 1496,3367 1496,3371 1500,3526 1503,3602 1503,3605 1503,3609 1575,3692 1590,3782 1615,3786 1691,3768 1673,3750 1687,3721 1727,3634 1727,3631 1730,3631 1730,3522 1727,3519 1727,3515 1676,3375 1662,3339 1673,3324 1716,3270 1716,3266 1716,3263 1720,3263 1720,3155 1716,3151 1716,3147 1716,3144 1676,3086 1712,3018 1712,3014 1712,3010 1709,2873 1705,2794 1705,2790 1705,2787 1655,2707 1651,2707 1651,2668 1651,2664 1683,2628 1683,2625 1683,2621 1683,2617 1683,2614 1647,2509 1637,2484 1644,2469 1662,2444 1662,2441 1662,2437 1662,2433 1640,2343 1637,2325 1640,2322 1676,2264 1676,2260 1676,2257 1687,2170 1687,2167 1687,2163 1687,2159 1633,2076 1622,2066 1615,1719 1619,1712 1662,1665 1662,1662 1662,1658 1669,1496 1669,1492 1669,1489 1669,1485 1608,1402 1608,1399 1608,1341 1546,1344"/>
                <Baseline points="1547,1346 1618,3788"/>
                <TextEquiv>
                    <Unicode>Allein Gott in der Höh ſei Ehr.</Unicode>
                </TextEquiv>
            </TextLine>
            <TextEquiv>
                <Unicode>1818.
Tafel
Konigl. Eiſengießerei
Knesebecks
Tafel
Alexander
200 Fw:
22 mit ins Feld. Kaiſer Alexander und Kög. der
König ſagt: wir wollens ge‐
meinſchaftlich der Kirche ſchenken.
3) rechts:
Gott war mit uns in heißer Wehr,
Allein Gott in der Höh ſei Ehr.</Unicode>
            </TextEquiv>
        </TextRegion>
        <TextRegion id="eSc_textblock_77e0e516" custom="readingOrder {index:1;} structure {type:text;}">
            <Coords points="5001,182 5092,192 5111,240 5111,670 5102,718 4890,843 5054,894 5140,1038 5121,1411 5150,1432 5160,1641 4938,1778 4909,1865 4929,2016 4890,2113 4941,2221 5131,2269 5198,2557 5179,2949 5131,3048 5188,3201 5188,3411 5092,3692 5102,3882 4986,3939 4506,3968 3700,3988 3248,3949 3161,3863 3123,3730 3027,3593 3113,3449 3133,3230 3065,3199 3036,3076 2959,3036 2969,2884 3036,2711 2940,2526 2950,2413 2979,2336 3142,2238 3123,2125 3190,2009 3258,1988 3200,1939 3178,1834 3017,1795 2979,1747 2988,1663 3075,1555 3113,1343 3065,1007 3084,836 3046,747 3094,413 3133,365 3219,346 3977,355 4631,317 4784,288 4873,211 5001,182"/>
            <TextLine id="eSc_line_48f1fdf0" custom="readingOrder {index:0;} structure {type:default;}">
                <Coords points="5080,245 5055,248 5033,234 4987,198 4983,198 4979,198 4976,198 4972,198 4911,216 4929,338 4929,360 5109,342 5109,320 5098,284 5080,245"/>
                <Baseline points="4932,339 5110,324"/>
                <TextEquiv>
                    <Unicode>35</Unicode>
                </TextEquiv>
            </TextLine>
            <TextLine id="eSc_line_f76e76a0" custom="readingOrder {index:1;} structure {type:default;}">
                <Coords points="3104,493 3104,526 3151,558 3155,558 3158,558 3317,566 3321,566 3324,566 3497,519 3609,548 3613,548 3616,548 3620,548 3724,504 3764,486 3995,483 4027,501 4071,522 4074,522 4078,522 4081,522 4085,522 4085,519 4110,497 4121,486 4150,497 4164,501 4168,501 4172,501 4175,501 4179,501 4182,497 4215,472 4309,472 4345,493 4395,530 4399,530 4402,530 4406,530 4410,530 4413,530 4474,490 4518,465 4601,465 4633,486 4673,519 4676,519 4680,519 4684,519 4687,519 4749,493 4795,515 4799,515 4803,515 4965,508 4969,508 5023,479 5023,461 5015,378 4896,378 4846,331 4846,328 4842,328 4839,328 4835,328 4831,328 4723,360 4622,338 4619,338 4615,338 4507,375 4438,356 4435,356 4431,356 4428,356 4348,396 4345,400 4265,400 4186,400 4146,360 4146,356 4143,356 4139,356 4136,356 4132,356 4128,356 4071,403 3991,378 3988,378 3984,378 3980,378 3923,407 3916,411 3883,411 3775,400 3771,400 3685,414 3642,421 3620,418 3468,375 3465,375 3461,375 3209,382 3205,382 3101,425 3104,493"/>
                <Baseline points="3108,495 4666,433 5025,462"/>
                <TextEquiv>
                    <Unicode>tafeln eingelegt</Unicode>
                </TextEquiv>
            </TextLine>
            <TextLine id="eSc_line_1431f936" custom="readingOrder {index:2;} structure {type:default;}">
                <Coords points="3093,811 3335,771 3404,796 3429,804 3432,804 3436,804 3613,796 3616,796 3620,796 3649,778 3688,753 3710,775 3728,789 3728,793 3732,793 3735,793 3739,793 3818,789 3822,789 3872,764 3926,739 3995,750 3999,750 4002,750 4053,728 4103,750 4139,764 4143,764 4146,764 4150,764 4154,764 4182,742 4222,713 4350,828 4471,710 4500,721 4579,760 4583,760 4586,760 4590,760 4727,706 4731,706 4734,706 4803,742 4806,742 4810,742 4813,742 4817,742 4871,699 4875,692 5041,685 5044,663 5041,602 4958,602 4871,558 4868,558 4864,558 4860,558 4857,558 4806,594 4612,569 4608,569 4604,569 4571,540 4568,544 4564,544 4543,522 4543,518 4539,518 4535,518 4377,594 4374,594 4370,594 4366,594 4334,623 4330,627 4237,627 4233,627 4161,587 4157,587 4154,587 4150,587 4146,587 4103,627 4031,591 4027,591 4024,591 4020,591 4017,591 3944,634 3937,638 3926,634 3883,623 3880,623 3876,623 3872,623 3825,638 3804,645 3793,638 3724,605 3721,605 3652,605 3649,605 3559,609 3555,609 3551,609 3551,612 3515,649 3508,656 3385,652 3252,649 3248,649 3245,649 3241,649 3230,656 3216,667 3205,659 3173,638 3169,638 3166,638 3162,638 3158,638 3086,659 3093,742"/>
                <Baseline points="3094,743 4123,698 4461,661 5046,665"/>
                <TextEquiv>
                    <Unicode>die folgende Inſchriften</Unicode>
                </TextEquiv>
            </TextLine>
            <TextLine id="eSc_line_4d33009c" custom="readingOrder {index:3;} structure {type:default;}">
                <Coords points="3072,919 3079,991 3079,1027 3252,1016 3256,1016 3288,1038 3292,1038 3295,1038 3299,1038 3411,1034 3414,1034 3476,998 3497,987 3609,973 3696,980 3757,987 3761,987 3872,966 3872,948 3861,890 3642,897 3620,887 3573,861 3569,861 3566,861 3562,861 3559,861 3559,865 3533,887 3530,887 3490,869 3486,869 3483,869 3479,869 3436,883 3360,912 3281,883 3248,872 3245,872 3241,872 3075,879 3072,919"/>
                <Baseline points="3080,992 3875,949"/>
                <TextEquiv>
                    <Unicode>tragen:</Unicode>
                </TextEquiv>
            </TextLine>
            <TextLine id="eSc_line_d7d713fe" custom="readingOrder {index:4;} structure {type:default;}">
                <Coords points="3241,1244 3241,1262 3490,1233 3530,1247 3537,1251 3541,1251 3544,1251 3548,1251 3566,1247 3656,1222 3696,1240 3699,1240 3703,1240 3706,1240 3732,1236 3793,1222 3807,1233 3815,1240 3818,1240 3822,1240 3825,1240 3829,1240 3858,1229 3887,1215 3901,1225 3908,1233 3912,1233 3916,1233 3919,1233 3923,1233 3926,1233 3941,1222 3988,1197 4139,1204 4143,1204 4146,1204 4150,1204 4172,1182 4218,1197 4222,1197 4226,1197 4229,1197 4309,1171 4381,1197 4399,1200 4402,1200 4406,1200 4478,1189 4684,1153 4731,1171 4734,1171 4738,1171 4741,1171 4806,1143 4875,1164 4878,1164 4882,1164 4886,1164 4889,1164 4893,1164 4940,1128 4987,1153 4990,1153 4994,1153 5127,1146 5127,1103 5120,1013 4983,977 4979,977 4976,977 4972,977 4969,977 4969,980 4925,1020 4868,1027 4821,1034 4813,1031 4741,987 4738,987 4734,987 4731,987 4727,987 4723,987 4648,1038 4630,1052 4514,1056 4489,1049 4402,1016 4399,1016 4395,1016 4392,1016 4388,1016 4366,1034 4301,1020 4298,1020 4294,1020 4114,1067 3999,1099 3858,1106 3757,1085 3670,1067 3667,1067 3569,1074 3566,1074 3519,1096 3458,1128 3407,1103 3396,1099 3393,1099 3389,1099 3385,1099 3382,1099 3375,1103 3353,1121 3331,1106 3328,1103 3324,1103 3321,1103 3317,1103 3227,1110 3241,1244"/>
                <Baseline points="3243,1247 5131,1105"/>
                <TextEquiv>
                    <Unicode>1) hinten: König Friedrich</Unicode>
                </TextEquiv>
            </TextLine>
            <TextLine id="eSc_line_7762a2f6" custom="readingOrder {index:5;} structure {type:default;}">
                <Coords points="3129,1478 3133,1528 3191,1500 3346,1492 3400,1514 3443,1532 3447,1532 3450,1532 3670,1518 3674,1518 3710,1500 3768,1463 4092,1442 4226,1456 4229,1456 4233,1456 4312,1431 4392,1460 4410,1467 4413,1467 4417,1467 4493,1456 4496,1456 4500,1456 4543,1420 4593,1449 4597,1449 4601,1449 4604,1449 4680,1417 4738,1442 4741,1442 4745,1442 4842,1438 4846,1438 4850,1438 4850,1435 4878,1406 5001,1427 5001,1352 4990,1283 4875,1287 4871,1287 4828,1251 4824,1251 4821,1251 4817,1251 4813,1251 4810,1251 4752,1290 4727,1294 4630,1305 4619,1298 4565,1254 4561,1254 4557,1254 4554,1254 4453,1262 4449,1262 4446,1262 4388,1301 4341,1269 4337,1269 4334,1269 4330,1269 4118,1283 4114,1283 4110,1283 4110,1287 4078,1319 4053,1348 4009,1348 3728,1344 3724,1344 3721,1344 3638,1373 3602,1344 3598,1344 3595,1344 3591,1344 3587,1344 3584,1344 3555,1366 3523,1344 3519,1341 3515,1341 3512,1341 3508,1341 3504,1341 3501,1341 3501,1344 3497,1344 3472,1370 3357,1363 3353,1363 3349,1363 3292,1388 3248,1355 3238,1344 3234,1344 3230,1344 3227,1344 3119,1359 3129,1478"/>
                <Baseline points="3130,1481 5003,1354"/>
                <TextEquiv>
                    <Unicode>Wilhelm III ſchenkte</Unicode>
                </TextEquiv>
            </TextLine>
            <TextLine id="eSc_line_6c370f73" custom="readingOrder {index:6;} structure {type:default;}">
                <Coords points="3007,1748 3007,1766 3234,1792 3238,1792 3241,1792 3393,1752 3472,1730 3512,1745 3569,1770 3573,1770 3577,1770 3703,1763 3706,1763 3775,1734 3818,1716 3851,1730 3865,1738 3869,1738 3872,1738 3876,1738 3905,1727 3995,1698 4132,1719 4150,1719 4154,1719 4157,1719 4164,1716 4229,1683 4626,1683 4630,1683 4633,1683 4694,1655 4767,1691 4777,1694 4781,1694 4785,1694 4918,1687 4922,1687 4936,1683 5055,1640 5145,1673 5149,1615 5134,1481 4929,1489 4925,1489 4922,1489 4922,1492 4914,1496 4904,1507 4896,1500 4889,1492 4886,1492 4882,1492 4878,1492 4749,1500 4745,1500 4720,1514 4648,1550 4565,1525 4529,1514 4525,1514 4521,1514 4518,1514 4485,1532 4431,1561 4402,1550 4399,1550 4395,1550 4392,1550 4388,1550 4327,1597 4215,1575 4211,1575 4208,1575 4204,1575 4157,1608 4006,1600 4002,1600 3753,1633 3688,1593 3663,1575 3660,1575 3656,1575 3595,1572 3591,1572 3587,1572 3523,1604 3440,1651 3400,1626 3396,1626 3393,1626 3389,1626 3385,1626 3382,1626 3382,1629 3349,1662 3299,1662 3238,1662 3202,1629 3198,1629 3194,1629 3191,1629 3187,1629 3180,1633 3122,1658 3072,1640 3039,1629 3036,1629 3032,1629 3029,1629 3003,1640 3000,1647"/>
                <Baseline points="3009,1751 5152,1616"/>
                <TextEquiv>
                    <Unicode>dieſes Kreuz und beide Leuchter</Unicode>
                </TextEquiv>
            </TextLine>
            <TextLine id="eSc_line_7ff647cc" custom="readingOrder {index:7;} structure {type:default;}">
                <Coords points="3353,1975 3357,2022 3425,1994 3652,1994 3656,1994 3660,1994 3663,1994 3663,1990 3685,1972 3739,1994 3789,2012 3793,2012 3797,2012 3984,2001 3988,2001 3991,2001 4035,1968 4045,1961 4136,1957 4146,1961 4200,1986 4204,1986 4208,1986 4301,1972 4305,1972 4309,1972 4345,1947 4366,1932 4399,1943 4446,1954 4449,1954 4453,1954 4456,1954 4460,1954 4493,1936 4507,1925 4518,1932 4543,1943 4547,1943 4550,1943 4655,1921 4676,1918 4684,1918 4745,1939 4749,1939 4752,1939 4756,1939 4868,1903 4868,1889 4857,1766 4821,1745 4817,1745 4813,1745 4810,1745 4496,1763 4493,1763 4489,1763 4489,1766 4446,1810 4442,1813 4348,1835 4312,1820 4237,1788 4233,1788 4229,1788 4226,1788 4175,1813 4136,1802 4132,1802 4128,1802 4125,1802 4121,1802 4071,1842 4060,1849 4049,1842 3973,1795 3970,1795 3966,1795 3916,1795 3912,1795 3908,1795 3905,1795 3789,1864 3768,1878 3346,1900 3353,1975"/>
                <Baseline points="3357,1978 4869,1893"/>
                <TextEquiv>
                    <Unicode>im Herbſte 1818</Unicode>
                </TextEquiv>
            </TextLine>
            <TextLine id="eSc_line_fb5ffdaf" custom="readingOrder {index:8;} structure {type:default;}">
                <Coords points="3191,2217 3191,2260 3303,2242 3440,2250 3486,2250 3490,2250 3494,2250 3508,2242 3577,2210 3750,2206 3818,2224 3854,2232 3858,2232 3861,2232 3966,2213 4042,2199 4074,2206 4132,2217 4136,2217 4139,2217 4175,2199 4200,2185 4240,2195 4273,2203 4276,2203 4280,2203 4283,2203 4319,2188 4348,2177 4417,2181 4496,2188 4500,2188 4583,2170 4622,2163 4633,2167 4666,2181 4669,2181 4673,2181 4676,2181 4680,2181 4680,2177 4684,2177 4694,2163 4694,2159 4831,2152 4831,2138 4817,2030 4738,2058 4662,2051 4651,2040 4633,2022 4633,2019 4630,2019 4626,2019 4622,2019 4619,2019 4615,2019 4593,2037 4309,2033 4305,2033 4301,2033 4298,2033 4262,2066 4215,2105 4132,2087 4128,2087 3984,2116 3916,2087 3843,2058 3840,2058 3836,2058 3833,2058 3829,2058 3786,2098 3746,2131 3346,2145 3313,2127 3288,2109 3285,2109 3281,2109 3277,2109 3274,2109 3184,2134 3191,2217"/>
                <Baseline points="3194,2219 4833,2141"/>
                <TextEquiv>
                    <Unicode>dem General Lieutnant</Unicode>
                </TextEquiv>
            </TextLine>
            <TextLine id="eSc_line_556aa013" custom="readingOrder {index:9;} structure {type:default;}">
                <Coords points="5109,2271 5044,2300 4990,2278 4976,2275 4972,2275 4969,2275 4965,2275 4947,2282 4882,2307 4731,2296 4640,2289 4637,2289 4633,2289 4630,2289 4608,2304 4543,2343 4482,2343 4435,2314 4420,2304 4417,2304 4413,2304 4410,2304 4406,2304 4374,2318 4312,2351 4132,2361 4013,2361 3980,2343 3962,2336 3959,2336 3955,2336 3952,2336 3923,2347 3876,2369 3854,2354 3836,2340 3833,2340 3829,2340 3825,2340 3822,2340 3768,2358 3724,2372 3692,2361 3602,2336 3598,2336 3595,2336 3591,2336 3468,2376 3404,2343 3400,2343 3396,2343 3393,2343 3299,2387 3230,2361 3227,2361 3223,2361 3220,2361 3137,2394 3061,2358 3057,2358 3054,2358 3050,2358 3047,2358 3047,2361 3003,2408 2964,2408 2971,2495 2978,2549 3014,2516 3086,2542 3090,2542 3093,2542 3097,2542 3101,2542 3101,2538 3129,2513 3216,2520 3220,2520 3223,2520 3227,2520 3227,2516 3248,2498 3382,2520 3385,2520 3389,2520 3447,2495 3508,2520 3512,2520 3515,2520 3519,2520 3523,2520 3573,2484 3591,2498 3595,2498 3598,2498 3602,2498 3739,2473 3869,2506 3880,2509 3883,2509 3887,2509 4132,2495 4136,2495 4139,2495 4240,2451 4294,2473 4298,2473 4301,2473 4305,2473 4309,2473 4309,2469 4337,2448 4402,2448 4449,2469 4453,2469 4456,2469 4648,2433 4774,2466 4792,2469 4795,2469 4799,2469 4803,2469 4824,2462 4969,2419 5127,2448 5134,2401 5120,2278 5109,2271"/>
                <Baseline points="2974,2496 5138,2404"/>
                <TextEquiv>
                    <Unicode>Karl Friedrich v. d. Kneſebe</Unicode>
                </TextEquiv>
            </TextLine>
            <TextLine id="eSc_line_2c4e39c7" custom="readingOrder {index:10;} structure {type:default;}">
                <Coords points="4583,2563 4586,2596 4637,2570 4907,2560 4936,2578 4940,2578 4943,2578 4947,2578 4950,2578 5044,2556 5160,2567 5163,2538 5156,2466 5015,2455 5012,2455 5008,2455 5005,2455 4987,2469 4950,2491 4741,2498 4575,2480 4583,2563"/>
                <Baseline points="4585,2567 5167,2539"/>
                <TextEquiv>
                    <Unicode>Monarchen</Unicode>
                </TextEquiv>
            </TextLine>
            <TextLine id="eSc_line_a58c3194" custom="readingOrder {index:11;} structure {type:default;}">
                <Coords points="5106,2542 5069,2545 5033,2545 5015,2545 5008,2552 4979,2570 4821,2560 4770,2556 4745,2560 4709,2560 4673,2560 4637,2563 4601,2563 4597,2552 4460,2581 4413,2588 4395,2581 4337,2560 4334,2560 4330,2560 4327,2560 4323,2560 4323,2563 4294,2588 4269,2617 4139,2621 4103,2599 4067,2574 4063,2574 4060,2574 4056,2574 3818,2581 3815,2581 3811,2581 3811,2585 3786,2607 3746,2592 3742,2592 3739,2592 3735,2592 3732,2592 3696,2621 3660,2643 3501,2632 3497,2632 3353,2657 3295,2639 3202,2610 3198,2610 3194,2610 3191,2610 3122,2643 3129,2744 3129,2790 3440,2744 3501,2772 3504,2772 3508,2772 3512,2772 3515,2772 3515,2769 3548,2740 3645,2765 3660,2769 3663,2769 3667,2769 3822,2762 3825,2762 3829,2762 3829,2758 3833,2758 3833,2754 3854,2729 3980,2747 4013,2751 4017,2751 4020,2751 4035,2744 4099,2711 4287,2707 4341,2726 4370,2736 4374,2736 4377,2736 4381,2736 4406,2722 4464,2693 4723,2686 4752,2704 4756,2707 4759,2707 4763,2707 4767,2711 4767,2707 4770,2707 4774,2707 4781,2700 4803,2686 4857,2697 4922,2711 4925,2711 5163,2679 5163,2650 5156,2545 5134,2542 5106,2542"/>
                <Baseline points="3130,2745 5167,2652"/>
                <TextEquiv>
                    <Unicode>General Adjutanten dieſes Monarchen</Unicode>
                </TextEquiv>
            </TextLine>
            <TextLine id="eSc_line_ba1f00fb" custom="readingOrder {index:12;} structure {type:default;}">
                <Coords points="3029,3003 3032,3072 3158,3014 3212,3018 3267,3061 3267,3064 3270,3064 3274,3064 3277,3064 3281,3064 3292,3061 3360,3028 3418,3054 3429,3057 3432,3057 3436,3057 3486,3050 3541,3036 3544,3036 3548,3036 3548,3032 3613,2978 3757,3007 3761,3007 3764,3007 3898,2960 4060,2967 4063,2967 4244,2942 4269,2960 4273,2960 4276,2960 4280,2960 4283,2960 4287,2960 4305,2942 4366,2982 4370,2982 4374,2982 4377,2982 4381,2982 4507,2924 4622,2967 4626,2967 4630,2967 4720,2945 4723,2945 4727,2945 4727,2942 4763,2906 4878,2963 4882,2963 4886,2963 5134,2949 5163,2963 5149,2794 5095,2769 5091,2769 5088,2769 5084,2769 4997,2790 4950,2751 4947,2751 4943,2751 4940,2751 4691,2765 4687,2765 4568,2830 4489,2801 4485,2801 4482,2801 4478,2801 4474,2801 4392,2852 4251,2859 4182,2801 4182,2798 4179,2798 4175,2798 4172,2798 4168,2798 3995,2863 3923,2834 3919,2834 3916,2834 3789,2837 3786,2837 3782,2837 3692,2899 3566,2902 3497,2863 3494,2863 3490,2863 3486,2863 3483,2863 3479,2863 3479,2866 3476,2866 3454,2895 3400,2881 3396,2881 3393,2881 3389,2881 3299,2924 3021,2938 3029,3003"/>
                <Baseline points="3030,3007 5017,2871 5167,2965"/>
                <TextEquiv>
                    <Unicode>während des Krieges 1813, 14, 15.</Unicode>
                </TextEquiv>
            </TextLine>
            <TextLine id="eSc_line_f7b605ce" custom="readingOrder {index:13;} structure {type:default;}">
                <Coords points="3198,3223 3198,3277 3267,3324 3270,3324 3274,3324 3277,3324 3411,3302 3616,3317 3620,3317 3623,3317 3710,3292 3890,3292 3890,3288 3894,3288 3898,3288 3980,3238 4128,3230 4128,3183 4118,3119 4020,3122 4017,3122 3959,3079 3955,3079 3952,3079 3948,3079 3944,3079 3887,3101 3851,3086 3847,3086 3843,3086 3840,3086 3836,3086 3779,3133 3775,3137 3696,3137 3663,3137 3598,3097 3595,3097 3591,3097 3587,3097 3584,3097 3580,3097 3530,3140 3450,3101 3447,3101 3443,3101 3346,3122 3303,3108 3299,3108 3295,3108 3292,3108 3288,3108 3288,3111 3245,3155 3245,3158 3194,3158 3198,3223"/>
                <Baseline points="3201,3227 4130,3185"/>
                <TextEquiv>
                    <Unicode>2) links:</Unicode>
                </TextEquiv>
            </TextLine>
            <TextLine id="eSc_line_2a994b2f" custom="readingOrder {index:14;} structure {type:default;}">
                <Coords points="3169,3443 3169,3461 3515,3468 3519,3468 3649,3450 3775,3436 3937,3447 4099,3454 4103,3454 4107,3454 4110,3454 4125,3439 4150,3421 4229,3421 4370,3436 4460,3443 4464,3443 4467,3443 4493,3432 4521,3418 4554,3432 4575,3439 4579,3439 4583,3439 4586,3439 4630,3429 4702,3411 4752,3425 4774,3432 4777,3432 4781,3432 4785,3432 4788,3432 4795,3425 4821,3403 4878,3421 4882,3421 4886,3421 4889,3421 4940,3400 5181,3414 5185,3403 5178,3310 5066,3313 5062,3313 4997,3256 4997,3252 4994,3252 4990,3252 4987,3252 4741,3259 4738,3259 4734,3259 4734,3263 4687,3306 4583,3263 4579,3263 4575,3263 4489,3266 4485,3266 4482,3266 4384,3335 4283,3288 4280,3288 4276,3288 4273,3288 4269,3288 4269,3292 4211,3339 4208,3346 4099,3349 4045,3349 4038,3346 3959,3302 3955,3302 3952,3302 3851,3324 3804,3295 3800,3295 3797,3295 3793,3295 3789,3295 3667,3342 3602,3331 3598,3331 3595,3331 3504,3364 3497,3364 3468,3364 3328,3360 3274,3313 3270,3313 3267,3313 3263,3313 3259,3313 3256,3313 3166,3364 3169,3443"/>
                <Baseline points="3172,3447 4946,3386 5188,3405"/>
                <TextEquiv>
                    <Unicode>Dem Altare der Kirche zu Carwe</Unicode>
                </TextEquiv>
            </TextLine>
            <TextLine id="eSc_line_c2cae3a3" custom="readingOrder {index:15;} structure {type:default;}">
                <Coords points="3043,3555 3043,3580 3043,3623 3115,3638 3119,3638 3122,3638 3173,3623 3202,3613 3220,3620 3267,3641 3270,3641 3274,3645 3385,3645 3385,3641 3389,3641 3447,3616 3479,3602 3541,3613 3598,3623 3602,3623 3670,3609 3768,3591 3804,3609 3822,3616 3825,3616 3829,3616 3833,3616 3836,3616 3851,3605 3876,3595 3988,3595 4002,3602 4045,3634 4049,3634 4053,3634 4056,3634 4222,3631 4226,3631 4229,3631 4283,3598 4301,3584 4420,3584 4619,3587 4658,3616 4662,3616 4666,3616 4669,3616 4806,3584 4813,3584 4821,3584 4907,3616 4911,3616 4914,3616 4918,3616 4922,3616 4979,3580 4983,3580 5015,3598 5019,3598 5023,3598 5113,3576 5116,3558 5113,3486 5059,3472 5055,3472 5051,3472 5048,3472 5019,3486 4990,3501 4954,3486 4940,3483 4936,3483 4932,3483 4929,3483 4911,3490 4871,3501 4850,3490 4781,3447 4777,3447 4774,3447 4770,3447 4767,3447 4763,3447 4705,3483 4666,3450 4662,3450 4658,3450 4561,3450 4557,3450 4554,3450 4550,3450 4500,3490 4435,3457 4431,3457 4428,3457 4424,3457 4420,3457 4406,3468 4392,3457 4392,3454 4388,3454 4384,3454 4215,3454 4211,3454 4208,3454 4204,3454 4168,3476 4081,3454 4078,3454 4074,3454 4071,3454 4067,3454 4009,3497 3948,3504 3901,3512 3894,3504 3840,3461 3840,3457 3836,3457 3833,3457 3829,3457 3825,3457 3706,3508 3692,3515 3670,3512 3559,3479 3555,3479 3551,3479 3548,3479 3472,3512 3468,3515 3461,3515 3389,3479 3385,3479 3382,3479 3378,3479 3375,3479 3335,3515 3328,3522 3065,3522 3043,3555"/>
                <Baseline points="3045,3582 5117,3561"/>
                <TextEquiv>
                    <Unicode>weiht in Demuth und Vertraun</Unicode>
                </TextEquiv>
            </TextLine>
            <TextLine id="eSc_line_4a8a95a8" custom="readingOrder {index:16;} structure {type:default;}">
                <Coords points="3162,3750 3162,3786 3259,3778 3274,3786 3321,3814 3324,3814 3328,3814 3331,3814 3411,3800 3436,3822 3436,3825 3440,3825 3443,3825 3447,3825 3750,3822 3753,3822 3757,3822 3829,3775 3883,3800 3887,3800 3890,3800 4049,3771 4063,3768 4067,3771 4114,3811 4114,3814 4118,3814 4121,3814 4125,3818 4172,3818 4172,3814 4175,3814 4327,3764 4334,3760 4536,3760 4539,3760 4565,3782 4568,3782 4572,3782 4575,3782 4651,3771 4705,3811 4709,3811 4712,3811 4716,3811 5030,3750 5030,3728 5023,3620 4943,3620 4940,3620 4936,3620 4932,3620 4882,3663 4774,3663 4734,3627 4723,3620 4720,3620 4716,3620 4712,3620 4626,3623 4622,3623 4619,3623 4619,3627 4612,3634 4575,3667 4356,3641 4200,3627 4197,3627 4193,3627 4139,3652 4085,3677 3995,3677 3966,3656 3941,3641 3937,3641 3934,3641 3930,3641 3926,3641 3923,3641 3923,3645 3905,3659 3887,3677 3822,3677 3782,3663 3681,3634 3678,3634 3674,3634 3569,3638 3566,3638 3476,3674 3461,3681 3447,3677 3385,3659 3382,3659 3378,3659 3375,3659 3313,3677 3248,3649 3245,3649 3241,3649 3238,3649 3158,3681 3162,3750"/>
                <Baseline points="3165,3752 5032,3731"/>
                <TextEquiv>
                    <Unicode>dies Geſchenk ſeines Königs</Unicode>
                </TextEquiv>
            </TextLine>
            <TextLine id="eSc_line_5097b6df" custom="readingOrder {index:17;} structure {type:default;}">
                <Coords points="5073,3800 5059,3789 5055,3789 5051,3789 5048,3789 5044,3789 4987,3811 4940,3768 4940,3764 4936,3764 4932,3764 4929,3764 4799,3771 4795,3771 4792,3771 4792,3775 4749,3814 4673,3771 4669,3771 4666,3771 4575,3775 4572,3775 4568,3775 4568,3778 4547,3796 4485,3775 4482,3775 4478,3775 4474,3775 4384,3796 4316,3782 4312,3782 4309,3782 4305,3782 4305,3786 4258,3833 4175,3836 4020,3836 3887,3789 3883,3789 3880,3789 3876,3789 3764,3833 3674,3796 3670,3796 3667,3796 3663,3796 3660,3796 3605,3847 3465,3847 3342,3804 3339,3804 3335,3804 3331,3804 3328,3804 3328,3807 3281,3847 3285,3926 3285,3930 3389,3933 3414,3959 3414,3962 3418,3962 3422,3962 3425,3962 3429,3962 3432,3962 3432,3959 3461,3930 3577,3930 3642,3962 3645,3962 3649,3966 3732,3966 3732,3962 3735,3962 3822,3923 3872,3959 3876,3959 3880,3959 3883,3959 4078,3915 4085,3915 4092,3915 4305,3937 4309,3937 4482,3912 4511,3937 4511,3941 4514,3941 4518,3941 4521,3944 4586,3944 4586,3941 4810,3901 4831,3897 4965,3897 5005,3930 5008,3930 5012,3930 5015,3930 5019,3930 5088,3894 5088,3883 5084,3879 5073,3800"/>
                <Baseline points="3286,3930 5089,3887"/>
                <TextEquiv>
                    <Unicode>der Beſitzer des Gutes.</Unicode>
                </TextEquiv>
            </TextLine>
        </TextRegion>
    </Page>
</PcGts>