<?xml version='1.0' encoding='UTF-8'?>
<PcGts xmlns="http://schema.primaresearch.org/PAGE/gts/pagecontent/2013-07-15" xmlns:xsi="http://www.w3.org/2001/XMLSchema-instance" xsi:schemaLocation="http://schema.primaresearch.org/PAGE/gts/pagecontent/2013-07-15 http://schema.primaresearch.org/PAGE/gts/pagecontent/2013-07-15/pagecontent.xsd">
    <Metadata>
        <Creator>escriptorium</Creator>
        <Created>2023-07-19T10:18:52</Created>
        <LastChange>2023-07-19T12:50:37.622+02:00</LastChange>
        <Comments/>
        <TranskribusMetadata docId="1504695" pageId="57539583" pageNr="29" tsid="130073785" status="IN_PROGRESS" userId="99551" imgUrl="https://files.transkribus.eu/Get?id=HBPRSWGWBNBUQBOSXVXZDATZ&amp;fileType=view" xmlUrl="https://files.transkribus.eu/Get?id=IIZMSSEQFIZXEKCAGODOKETR" imageId="46569017"/>
    </Metadata>
    <Page imageFilename="A01_029.jpg" imageWidth="5564" imageHeight="4327">
        <ReadingOrder>
            <OrderedGroup id="ro_1689766021820" caption="Regions reading order">
                <RegionRefIndexed index="0" regionRef="eSc_textblock_72f9c73b"/>
                <RegionRefIndexed index="1" regionRef="region_1689763354803_1386"/>
                <RegionRefIndexed index="2" regionRef="eSc_textblock_316597a0"/>
                <RegionRefIndexed index="3" regionRef="region_1689763695618_1423"/>
                <RegionRefIndexed index="4" regionRef="region_1689763698763_1426"/>
                <RegionRefIndexed index="5" regionRef="region_1689763702954_1429"/>
                <RegionRefIndexed index="6" regionRef="region_1689763706259_1432"/>
            </OrderedGroup>
        </ReadingOrder>
        <TextRegion id="eSc_textblock_72f9c73b" custom="readingOrder {index:0;} structure {type:text;}">
            <Coords points="4631,365 4554,432 4585,464 4826,495 4877,564 4993,595 4974,689 4965,778 4682,721 4287,728 4246,689 4104,670 3842,747 3142,766 3036,612 3046,413 3094,298 3185,288"/>
            <TextLine id="eSc_line_ec348223" custom="readingOrder {index:0;} structure {type:default;}">
                <Coords points="3050,551 3050,649 3212,649 3216,649 3220,649 3317,587 3349,609 3353,609 3357,609 3360,609 3364,609 3414,587 3454,612 3458,612 3461,612 3465,612 3678,562 3728,584 3732,584 3735,584 3797,576 3840,609 3843,609 3847,609 3851,609 3854,609 3858,609 3916,573 3959,591 3962,591 3966,591 3970,591 4031,573 4143,616 4146,616 4150,616 4154,616 4157,616 4200,580 4388,548 4428,548 4514,616 4525,522 4511,367 4392,418 4305,382 4276,371 4273,371 4269,371 4265,371 4262,371 4244,385 4208,418 4164,407 4161,407 4157,407 4154,407 4150,407 4081,457 4045,457 3973,407 3934,378 3930,378 3926,378 3786,378 3782,378 3692,382 3688,382 3685,382 3685,385 3627,432 3591,465 3479,443 3422,436 3418,436 3414,436 3411,436 3411,439 3396,450 3375,468 3321,457 3256,443 3252,443 3047,475 3050,551"/>
                <Baseline points="3052,552 4528,523"/>
                <TextEquiv>
                    <Unicode>Gnevikow.</Unicode>
                </TextEquiv>
            </TextLine>
            <TextLine id="line_1689763332831_1380" custom="readingOrder {index:1;} structure {type:default;}">
                <Coords points="4675,492 4969,594 4891,757 4613,633"/>
                <Baseline points="4615,628 4909,730"/>
                <TextEquiv>
                    <Unicode>Fama</Unicode>
                </TextEquiv>
            </TextLine>
            <TextEquiv>
                <Unicode>Gnevikow.
Fama</Unicode>
            </TextEquiv>
        </TextRegion>
        <TextRegion id="region_1689763354803_1386" custom="readingOrder {index:1;} structure {type:text;}">
            <Coords points="2826,1164 3101,1002 3043,904 2778,973"/>
            <TextLine id="line_1689763374205_1390" custom="readingOrder {index:0;} structure {type:default;}">
                <Coords points="2799,1003 3028,906 3073,1007 2839,1134"/>
                <Baseline points="2823,1063 3052,966"/>
                <TextEquiv>
                    <Unicode>Engel</Unicode>
                </TextEquiv>
            </TextLine>
            <TextEquiv>
                <Unicode>Engel</Unicode>
            </TextEquiv>
        </TextRegion>
        <TextRegion id="eSc_textblock_316597a0" custom="readingOrder {index:2;} structure {type:text;}">
            <Coords points="2421,2923 2507,2988 2375,3036 2382,3113 2267,3161 1106,3151 1057,3122 1057,2961 1115,2923 2204,2913"/>
            <TextLine id="eSc_line_5951e125" custom="readingOrder {index:0;} structure {type:default;}">
                <Coords points="1067,2953 1070,3075 1070,3097 1132,3129 1135,3129 1139,3129 1143,3129 1280,3093 1290,3093 1334,3093 1456,3101 1489,3129 1492,3129 1496,3129 1500,3129 1503,3129 1611,3093 1622,3093 1745,3093 1752,3097 1795,3126 1799,3126 1802,3126 1806,3126 1810,3126 1893,3101 1986,3129 1990,3129 1994,3133 2156,3133 2156,3129 2159,3129 2217,3097 2217,3072 2210,2992 2131,2992 2127,2989 2073,2945 2069,2945 2066,2945 1943,2945 1940,2945 1936,2945 1932,2945 1893,2978 1878,2992 1673,2992 1604,2967 1536,2945 1532,2945 1528,2945 1525,2945 1521,2945 1500,2963 1492,2971 1482,2963 1467,2953 1464,2953 1460,2953 1456,2953 1453,2953 1424,2960 1334,2992 1229,2992 1186,2953 1179,2945 1175,2945 1171,2945 1168,2945 1070,2945 1067,2953"/>
                <Baseline points="1072,3079 2218,3074"/>
                <TextEquiv>
                    <Unicode>Gnevikower Kirche.</Unicode>
                </TextEquiv>
            </TextLine>
        </TextRegion>
        <TextRegion id="region_1689763695618_1423" custom="readingOrder {index:3;} structure {type:text;}">
            <Coords points="3137,2626 4285,2588 4344,3084 3140,3084"/>
            <TextLine id="eSc_line_ee94f16d" custom="readingOrder {index:0;} structure {type:default;}">
                <Coords points="3217,2709 3217,2752 3344,2750 3347,2750 3349,2750 3349,2747 3373,2728 3409,2735 3411,2735 3414,2735 3416,2735 3416,2733 3428,2721 3467,2735 3469,2735 3472,2735 3529,2723 3570,2745 3573,2745 3575,2745 3577,2745 3652,2742 3654,2742 3657,2742 3657,2740 3690,2713 3729,2713 3794,2735 3801,2738 3803,2738 3806,2738 3892,2735 3895,2735 3902,2733 3955,2704 4114,2704 4150,2716 4152,2716 4154,2716 4157,2716 4159,2716 4179,2704 4224,2721 4229,2682 4222,2639 4154,2646 4145,2641 4116,2617 4114,2617 4111,2617 4109,2617 4022,2620 4020,2620 4017,2620 3981,2646 3972,2651 3921,2646 3842,2641 3839,2641 3837,2641 3835,2641 3835,2644 3827,2651 3820,2658 3654,2658 3647,2656 3585,2632 3582,2632 3580,2632 3373,2637 3371,2637 3332,2651 3284,2639 3282,2639 3279,2639 3277,2639 3214,2665 3217,2709"/>
                <Baseline points="3217,2709 3724,2704 4229,2682"/>
                <TextEquiv>
                    <Unicode>Gewidmet von dem</Unicode>
                </TextEquiv>
            </TextLine>
            <TextLine id="eSc_line_25fd839a" custom="readingOrder {index:1;} structure {type:default;}">
                <Coords points="3193,2843 3193,2872 3359,2863 3368,2867 3397,2887 3399,2887 3402,2887 3404,2889 3457,2889 3457,2887 3635,2855 3669,2851 3690,2853 3789,2870 3791,2870 3794,2870 3796,2870 3823,2848 3837,2860 3839,2860 3842,2860 3844,2860 3909,2851 3931,2867 3933,2867 3936,2867 3938,2867 4053,2865 4056,2865 4142,2834 4234,2848 4236,2848 4239,2848 4280,2826 4280,2810 4275,2764 4171,2764 4166,2762 4082,2728 4080,2728 4078,2728 4075,2728 4039,2740 3892,2735 3890,2735 3888,2735 3885,2735 3852,2762 3849,2762 3835,2750 3835,2747 3832,2747 3830,2747 3827,2747 3825,2747 3791,2762 3746,2783 3714,2783 3688,2762 3674,2750 3671,2750 3669,2750 3666,2750 3664,2750 3638,2762 3585,2786 3527,2762 3524,2762 3522,2762 3520,2762 3486,2774 3452,2762 3445,2759 3443,2759 3440,2759 3438,2759 3436,2759 3433,2762 3385,2795 3255,2798 3217,2764 3217,2762 3214,2762 3212,2762 3188,2762 3193,2843"/>
                <Baseline points="3193,2843 3645,2834 4116,2807 4280,2810"/>
                <TextEquiv>
                    <Unicode>Corps der Offiziere</Unicode>
                </TextEquiv>
            </TextLine>
            <TextLine id="eSc_line_f3650372" custom="readingOrder {index:2;} structure {type:default;}">
                <Coords points="3173,2947 3173,2997 3219,2997 3219,2995 3222,2995 3224,2995 3272,2963 3375,2978 3378,2978 3380,2978 3383,2978 3411,2959 3510,2963 3537,2985 3539,2988 3541,2988 3544,2988 3546,2988 3719,2978 3748,2976 3751,2976 3753,2976 3794,2949 3878,2949 3904,2963 3907,2963 3909,2963 3912,2963 3914,2963 3916,2963 3940,2944 4013,2944 4063,2968 4080,2976 4082,2976 4085,2976 4198,2973 4200,2973 4224,2961 4253,2949 4304,2959 4306,2920 4301,2855 4085,2843 4082,2843 4080,2843 4078,2843 4056,2863 4046,2872 4020,2872 4008,2863 3984,2846 3981,2846 3979,2846 3977,2846 3974,2846 3928,2867 3926,2867 3924,2867 3888,2848 3885,2848 3883,2848 3880,2848 3832,2870 3818,2877 3753,2877 3746,2872 3734,2863 3734,2860 3731,2860 3729,2860 3662,2855 3659,2855 3657,2855 3654,2855 3654,2858 3633,2877 3628,2882 3599,2882 3594,2877 3563,2855 3561,2855 3558,2855 3556,2855 3553,2855 3464,2882 3450,2884 3440,2882 3363,2860 3361,2860 3359,2860 3356,2860 3310,2884 3217,2870 3214,2870 3212,2870 3171,2887 3173,2947"/>
                <Baseline points="3173,2947 4306,2920"/>
                <TextEquiv>
                    <Unicode>ſeines Regiments d. 18. Juni</Unicode>
                </TextEquiv>
            </TextLine>
            <TextLine id="eSc_line_c90b2a7e" custom="readingOrder {index:3;} structure {type:default;}">
                <Coords points="3291,3038 3291,3067 3330,3079 3332,3079 3335,3079 3549,3052 3549,3024 3541,2959 3414,2947 3411,2947 3284,2971 3291,3038"/>
                <Baseline points="3291,3038 3549,3024"/>
                <TextEquiv>
                    <Unicode>1789.</Unicode>
                </TextEquiv>
            </TextLine>
            <TextEquiv>
                <Unicode>Gewidmet von dem
Corps der Offiziere
ſeines Regiments d. 18. Juni
1789.</Unicode>
            </TextEquiv>
        </TextRegion>
        <TextRegion id="region_1689763698763_1426" custom="readingOrder {index:4;} structure {type:text;}">
            <Coords points="5042,2711 4765,2715 4747,1909 4948,1907"/>
            <TextLine id="eSc_line_4c79c5de" custom="readingOrder {index:0;} structure {type:default;}">
                <Coords points="4900,1954 4774,1965 4763,2141 4763,2145 4763,2149 4803,2268 4795,2488 4795,2491 4795,2495 4842,2653 4965,2643 4997,2632 4965,2520 4969,2365 4969,2336 4969,2332 4969,2329 4961,2304 4932,2210 4922,1950 4900,1954"/>
                <Baseline points="4968,2645 4904,1957"/>
                <TextEquiv>
                    <Unicode>Mars.</Unicode>
                </TextEquiv>
            </TextLine>
            <TextEquiv>
                <Unicode>Mars.</Unicode>
            </TextEquiv>
        </TextRegion>
        <TextRegion id="region_1689763702954_1429" custom="readingOrder {index:5;} structure {type:text;}">
            <Coords points="4343,3287 4898,3214 5108,3637 4396,3640"/>
            <TextLine id="eSc_line_00d73bf7" custom="readingOrder {index:0;} structure {type:default;}">
                <Coords points="4424,3439 4431,3465 4557,3443 4561,3443 4565,3443 4593,3418 4633,3385 4759,3364 4752,3324 4727,3263 4626,3295 4593,3288 4536,3270 4532,3270 4529,3270 4525,3270 4381,3324 4424,3439"/>
                <Baseline points="4428,3440 4755,3326"/>
                <TextEquiv>
                    <Unicode>Muſe der</Unicode>
                </TextEquiv>
            </TextLine>
            <TextLine id="eSc_line_0ac3d3e4" custom="readingOrder {index:1;} structure {type:default;}">
                <Coords points="4741,3331 4705,3342 4676,3349 4507,3436 4561,3522 4590,3569 4875,3375 4860,3346 4817,3277 4734,3317 4741,3331"/>
                <Baseline points="4563,3525 4861,3348"/>
                <TextEquiv>
                    <Unicode>Geſchichte</Unicode>
                </TextEquiv>
            </TextLine>
            <TextLine id="eSc_line_2ba676aa" custom="readingOrder {index:2;} structure {type:default;}">
                <Coords points="4694,3587 4727,3641 4792,3602 4792,3598 4795,3598 4795,3595 4799,3584 4813,3544 4864,3533 4896,3522 4900,3522 4904,3522 4904,3519 4976,3436 4965,3418 4907,3331 4637,3497 4694,3587"/>
                <Baseline points="4698,3589 4968,3419"/>
                <TextEquiv>
                    <Unicode>ſchreibt</Unicode>
                </TextEquiv>
            </TextLine>
            <TextEquiv>
                <Unicode>Muſe der
Geſchichte
ſchreibt</Unicode>
            </TextEquiv>
        </TextRegion>
        <TextRegion id="region_1689763706259_1432" custom="readingOrder {index:6;} structure {type:text;}">
            <Coords points="2945,3641 5154,3641 5154,3994 2945,3994"/>
            <TextLine id="eSc_line_0116a787" custom="readingOrder {index:0;} structure {type:default;}">
                <Coords points="3148,3742 3144,3786 3212,3811 3216,3811 3220,3811 3223,3811 3227,3811 3263,3786 3267,3786 3313,3811 3317,3811 3321,3811 3324,3811 3389,3789 3472,3807 3476,3807 3609,3793 3674,3822 3678,3822 3681,3822 3753,3818 3779,3840 3779,3843 3782,3843 3786,3843 3789,3843 3883,3825 3905,3843 3908,3843 3912,3843 4146,3847 4150,3847 4305,3825 4337,3847 4341,3847 4345,3847 4348,3851 4503,3851 4503,3847 4507,3847 4511,3847 4575,3804 4655,3800 4687,3814 4691,3814 4694,3814 5113,3793 5116,3764 5116,3703 4997,3667 4994,3667 4860,3667 4857,3667 4853,3667 4850,3667 4850,3670 4821,3699 4813,3703 4637,3695 4612,3695 4579,3667 4579,3663 4575,3663 4572,3663 4568,3663 4352,3667 4348,3667 4345,3667 4312,3692 4298,3699 4204,3699 4193,3688 4154,3659 4150,3659 4146,3659 4143,3659 4139,3659 4063,3688 4038,3695 4017,3688 3937,3659 3934,3659 3930,3659 3926,3659 3858,3681 3786,3659 3782,3659 3779,3659 3775,3659 3771,3659 3771,3663 3750,3685 3735,3695 3587,3692 3573,3681 3551,3667 3548,3667 3544,3667 3541,3667 3537,3667 3533,3667 3512,3681 3490,3695 3342,3695 3317,3677 3292,3659 3288,3659 3285,3659 3281,3659 3148,3674 3148,3742"/>
                <Baseline points="3151,3745 4088,3832 4088,3832 5117,3766"/>
                <TextEquiv>
                    <Unicode>Dem würdigſten General-</Unicode>
                </TextEquiv>
            </TextLine>
            <TextLine id="eSc_line_d2172b75" custom="readingOrder {index:1;} structure {type:default;}">
                <Coords points="4986,3906 4979,3860 4806,3860 4801,3860 4746,3846 4744,3846 4741,3846 4676,3860 4674,3860 4599,3839 4597,3839 4594,3839 4592,3839 4563,3851 4380,3826 4378,3826 4376,3826 4318,3848 4265,3829 4263,3829 4260,3829 4195,3839 4193,3839 4145,3863 4145,3865 4027,3865 4027,3863 3924,3834 3921,3834 3919,3834 3916,3834 3888,3846 3856,3831 3854,3831 3681,3831 3678,3831 3604,3848 3541,3831 3539,3831 3537,3831 3534,3831 3532,3831 3488,3867 3486,3867 3474,3867 3229,3834 3226,3834 3224,3834 3133,3867 3133,3870 3058,3870 3058,3925 3060,3959 3101,3939 3140,3959 3142,3959 3145,3959 3147,3959 3149,3959 3152,3959 3152,3956 3181,3937 3289,3954 3303,3956 3306,3956 3308,3956 3313,3954 3342,3942 3397,3954 3407,3954 3409,3954 3411,3954 3414,3954 3440,3937 3527,3951 3551,3954 3553,3954 3556,3954 3565,3951 3609,3935 3799,3942 3803,3947 3815,3956 3818,3956 3820,3956 3823,3956 4003,3942 4029,3942 4034,3942 4078,3954 4080,3954 4082,3956 4376,3956 4376,3954 4530,3935 4549,3932 4554,3932 4573,3942 4575,3942 4578,3942 4657,3932 4676,3930 4679,3932 4700,3944 4703,3944 4705,3944 4708,3944 4710,3944 4765,3930 4770,3927 4871,3927 4873,3927 4905,3942 4907,3942 4909,3942 4986,3925 4986,3906"/>
                <Baseline points="3058,3925 4287,3930 4986,3906"/>
                <TextEquiv>
                    <Unicode>Lieutnant Alexander Friedrich von</Unicode>
                </TextEquiv>
            </TextLine>
            <TextEquiv>
                <Unicode>Dem würdigſten General-
Lieutnant Alexander Friedrich von</Unicode>
            </TextEquiv>
        </TextRegion>
    </Page>
</PcGts>